{
  "project_info": {
    "project_number": "636222397335",
    "firebase_url": "https://aplikasibanjir-a03bf.firebaseio.com",
    "project_id": "aplikasibanjir-a03bf",
    "storage_bucket": "aplikasibanjir-a03bf.appspot.com"
  },
  "client": [
    {
      "client_info": {
        "mobilesdk_app_id": "1:636222397335:android:eb3389115837b534",
        "android_client_info": {
          "package_name": "com.example.aplikasibanjir"
        }
      },
      "oauth_client": [
        {
          "client_id": "636222397335-gfghm64b9bt8lqkqdnn3gg414ucghud8.apps.googleusercontent.com",
          "client_type": 1,
          "android_info": {
            "package_name": "com.example.aplikasibanjir",
            "certificate_hash": "eb9e4cf917c57533cf5855b2b79788477a32a53a"
          }
        },
        {
          "client_id": "636222397335-m95uvm8gdr1ofi472ln4597vpd80o89d.apps.googleusercontent.com",
          "client_type": 3
        }
      ],
      "api_key": [
        {
          "current_key": "AIzaSyC8ehzZwJOx8FIc2rkmCF05ueIC0bhxJWc"
        }
      ],
      "services": {
        "appinvite_service": {
          "other_platform_oauth_client": [
            {
              "client_id": "636222397335-m95uvm8gdr1ofi472ln4597vpd80o89d.apps.googleusercontent.com",
              "client_type": 3
            }
          ]
        }
      }
    },
    {
      "client_info": {
        "mobilesdk_app_id": "1:636222397335:android:18478dc805e58c13",
        "android_client_info": {
          "package_name": "com.example.cariposko"
        }
      },
      "oauth_client": [
        {
          "client_id": "636222397335-j6j9o3afa8f5ok1edvvgk5g1ink0l4n3.apps.googleusercontent.com",
          "client_type": 1,
          "android_info": {
            "package_name": "com.example.cariposko",
            "certificate_hash": "eb9e4cf917c57533cf5855b2b79788477a32a53a"
          }
        },
        {
          "client_id": "636222397335-m95uvm8gdr1ofi472ln4597vpd80o89d.apps.googleusercontent.com",
          "client_type": 3
        }
      ],
      "api_key": [
        {
          "current_key": "AIzaSyC8ehzZwJOx8FIc2rkmCF05ueIC0bhxJWc"
        }
      ],
      "services": {
        "appinvite_service": {
          "other_platform_oauth_client": [
            {
              "client_id": "636222397335-m95uvm8gdr1ofi472ln4597vpd80o89d.apps.googleusercontent.com",
              "client_type": 3
            }
          ]
        }
      }
    },
    {
      "client_info": {
        "mobilesdk_app_id": "1:636222397335:android:83309ccad92c1652",
        "android_client_info": {
          "package_name": "com.example.salespost"
        }
      },
      "oauth_client": [
        {
          "client_id": "636222397335-7uo4558219g4f09j8iauduci4ijnjr46.apps.googleusercontent.com",
          "client_type": 1,
          "android_info": {
            "package_name": "com.example.salespost",
            "certificate_hash": "eb9e4cf917c57533cf5855b2b79788477a32a53a"
          }
        },
        {
          "client_id": "636222397335-m95uvm8gdr1ofi472ln4597vpd80o89d.apps.googleusercontent.com",
          "client_type": 3
        }
      ],
      "api_key": [
        {
          "current_key": "AIzaSyC8ehzZwJOx8FIc2rkmCF05ueIC0bhxJWc"
        }
      ],
      "services": {
        "appinvite_service": {
          "other_platform_oauth_client": [
            {
              "client_id": "636222397335-m95uvm8gdr1ofi472ln4597vpd80o89d.apps.googleusercontent.com",
              "client_type": 3
            }
          ]
        }
      }
    }
  ],
  "configuration_version": "1"
}